id,name,email,age,department,salary,hire_date
1,Tammy Huffman,tammy.huffman@company.com,34,Product,71246,2018-04-08
2,Mr. Eric Reese,mr..reese@company.com,44,Marketing,114961,2017-05-29
3,Brian Barnes,brian.barnes@company.com,51,Sales,97150,2023-12-04
4,Angela Mata,angela.mata@company.com,59,Finance,72956,2023-01-29
5,Randy Burnett,randy.burnett@company.com,32,Product,128011,2025-02-23
6,Amber Carter,amber.carter@company.com,56,Sales,149638,2025-05-22
7,Alexandra Lozano,alexandra.lozano@company.com,51,Marketing,55232,2020-10-11
8,Brian Wang,brian.wang@company.com,52,Sales,78499,2022-08-12
9,Rachel Collins,rachel.collins@company.com,65,Product,81921,2026-03-02
10,Devon Cobb,devon.cobb@company.com,28,Engineering,138515,2020-03-26
11,Emily Clarke,emily.clarke@company.com,62,HR,102504,2024-06-07
12,Michael Johnson,michael.johnson@company.com,61,Engineering,109615,2023-04-26
13,Faith Cook,faith.cook@company.com,42,Marketing,94198,2020-06-30
14,Kathryn Lewis,kathryn.lewis@company.com,28,Finance,53294,2017-02-04
15,Denise Shah,denise.shah@company.com,43,Finance,51993,2021-12-11
16,Christopher Cisneros,christopher.cisneros@company.com,53,Finance,115734,2025-11-19
17,Keith Brown,keith.brown@company.com,32,HR,129262,2017-12-10
18,Jody Hall,jody.hall@company.com,25,Marketing,78299,2016-04-24
19,Kelly Singh,kelly.singh@company.com,49,Product,83038,2020-05-06
20,John Campbell,john.campbell@company.com,30,Finance,96922,2021-03-05
21,Ronald Watkins,ronald.watkins@company.com,41,Marketing,86295,2018-11-28
22,Elizabeth Lee,elizabeth.lee@company.com,61,Engineering,89288,2021-03-02
23,Joseph Allen,joseph.allen@company.com,30,Sales,117344,2019-01-26
24,Elizabeth Smith,elizabeth.smith@company.com,39,Finance,140184,2021-05-13
25,Michael Lopez,michael.lopez@company.com,59,HR,118459,2022-05-19
26,Shari Lopez DVM,shari.dvm@company.com,32,Sales,113062,2018-02-18
27,Seth Fletcher,seth.fletcher@company.com,59,Product,134095,2019-04-15
28,Jacqueline Jenkins,jacqueline.jenkins@company.com,23,Product,146284,2019-08-07
29,Elizabeth Noble,elizabeth.noble@company.com,24,HR,148421,2018-02-22
30,Erin Cain,erin.cain@company.com,60,Product,68592,2025-08-09
31,Austin Pena,austin.pena@company.com,50,Finance,79156,2025-09-06
32,Julia Adams,julia.adams@company.com,60,Sales,138823,2018-01-23
33,Samantha Waters,samantha.waters@company.com,27,Sales,106056,2023-07-14
34,Kyle Steele,kyle.steele@company.com,37,Product,95123,2018-06-30
35,Dylan Martinez,dylan.martinez@company.com,47,Product,115703,2018-12-19
36,Anthony Blake,anthony.blake@company.com,33,Engineering,101454,2026-02-04
37,Lauren Le,lauren.le@company.com,40,Marketing,Not a number,2025-11-09
38,Aimee Zimmerman,aimee.zimmerman@company.com,44,Engineering,125331,2017-08-05
39,Zachary Brown,zachary.brown@company.com,44,Product,80814,2018-08-21
40,Brian King,brian.king@company.com,43,Product,53318,2017-03-14
41,Kristy Jones,kristy.jones@company.com,28,Marketing,102996,2017-03-10
42,David Chavez,david.chavez@company.com,40,Finance,86798,2023-08-02
43,Andrew Case,andrew.case@company.com,,Marketing,75775,2025-08-29
44,Lorraine Nichols,lorraine.nichols@company.com,57,HR,92343,2017-04-17
45,Melissa Hill,melissa.hill@company.com,22,Sales,112730,2026-02-10
46,Alexander Manning,alexander.manning@company.com,42,Finance,133700,2018-09-12
47,Courtney Bruce,courtney.bruce@company.com,65,Product,67425,2018-08-05
48,Kelly Ramsey,kelly.ramsey@company.com,51,Finance,67046,2022-02-06
49,Jessica Brown,jessica.brown@company.com,24,Product,51537,2018-08-07
50,David Cochran,david.cochran@company.com,22,Engineering,59439,2021-09-22
51,Douglas Owens,douglas.owens@company.com,40,Finance,82750,2021-07-24
52,James Smith,james.smith@company.com,27,Sales,65363,2025-02-12
53,Rachel Graves,rachel.graves@company.com,27,HR,90644,2019-06-03
54,Christina Rubio,christina.rubio@company.com,50,HR,58273,2024-05-23
55,Peter Fleming,peter.fleming@company.com,64,Sales,143935,2019-02-06
56,Terry Richardson,terry.richardson@company.com,54,Sales,75202,2024-07-12
57,Hannah Orr,hannah.orr@company.com,54,Engineering,52834,2024-09-08
58,Christopher Hicks,christopher.hicks@company.com,51,Engineering,136823,2020-03-22
59,Teresa Keller,teresa.keller@company.com,23,Engineering,104259,2021-03-24
60,Stephanie Lin,stephanie.lin@company.com,44,Finance,134355,2025-05-31
61,Zachary Taylor,zachary.taylor@company.com,40,Marketing,136295,2026-02-16
62,David Williams,david.williams@company.com,33,Sales,106860,2026-02-23
63,Cindy Smith,cindy.smith@company.com,65,Engineering,70097,2022-05-15
64,Emily Garcia,emily.garcia@company.com,61,Finance,134114,2018-04-07
65,Matthew Martin,matthew.martin@company.com,33,Engineering,85546,2022-12-26
66,Ann Hoffman,ann.hoffman@company.com,50,Marketing,76364,2016-10-18
67,David Johnson,david.johnson@company.com,,Engineering,66495,2023-03-11
68,Elizabeth Palmer,elizabeth.palmer@company.com,44,HR,64682,2024-11-30
69,William Jimenez,william.jimenez@company.com,56,Sales,97850,2016-12-20
70,Aaron Williams,aaron.williams@company.com,34,Marketing,90479,2020-08-06
71,Jennifer Hicks,jennifer.hicks@company.com,49,HR,81162,2021-02-12
72,Laura Chapman,laura.chapman@company.com,52,HR,133957,2023-05-30
73,Robert Mills,robert.mills@company.com,63,Finance,80751,2025-11-20
74,Stuart Gutierrez,stuart.gutierrez@company.com,0,Sales,136879,2022-12-13
75,Amanda Spencer,amanda.spencer@company.com,23,Sales,146446,2022-04-13
76,Teresa Scott,teresa.scott@company.com,46,Engineering,78218,2019-07-18
77,Michael Cochran,michael.cochran@company.com,37,Sales,119730,2017-04-24
78,Jessica Henry,jessica.henry@company.com,59,HR,134792,2017-09-23
79,Erica Lamb,erica.lamb@company.com,46,Sales,97410,2016-08-04
80,Robert Snyder,robert.snyder@company.com,28,Engineering,104138,2021-11-07
81,Mark Martinez,mark.martinez@company.com,57,Sales,127915,2025-10-28
82,Tammy Duncan,tammy.duncan@company.com,29,Finance,148362,2016-06-09
83,Andrew Ortiz,andrew.ortiz@company.com,63,HR,79817,2022-01-19
84,Mary Hernandez,mary.hernandez@company.com,46,Marketing,84062,2024-04-11
85,Sarah Brown,sarah.brown@company.com,60,Sales,105342,2026-07-01
86,Andrew Brown,andrew.brown@company.com,,Finance,99888,2021-03-03
87,Charles Liu Jr.,charles.jr.@company.com,62,HR,101747,2016-06-16
88,Michael White,michael.white@company.com,60,HR,94885,2019-09-30
89,Christopher Jordan,christopher.jordan@company.com,37,HR,70266,2021-03-11
90,Nicholas Craig,nicholas.craig@company.com,54,Engineering,95005,2018-10-30
91,Debbie Johnson,debbie.johnson@company.com,46,Engineering,99189,2018-02-21
92,Jose Tyler,jose.tyler@company.com,33,Product,91480,2016-04-26
93,Ms. Jamie Robinson MD,ms..md@company.com,,Product,91329,2022-12-13
94,Shawn Hays,shawn.hays@company.com,27,Marketing,144330,2023-10-22
95,Nicholas Bell,nicholas.bell@company.com,60,Engineering,129492,2025-11-29
96,James Hall,james.hall@company.com,65,Finance,127297,2019-04-29
97,Catherine Archer,catherine.archer@company.com,-5,HR,74294,2016-10-24
98,Karen Reese,karen.reese@company.com,50,Finance,134514,2019-04-09
99,Tom Newman,tom.newman@company.com,48,Engineering,105409,2025-09-16
100,Taylor King,taylor.king@company.com,65,Engineering,68460,2019-12-13
101,Scott Patton,scott.patton@company.com,59,Marketing,69699,2019-12-05
102,Victoria Jenkins,victoria.jenkins@company.com,64,Product,74829,2020-10-18
103,Javier Campbell,javier.campbell@company.com,41,HR,129620,2025-08-01
104,Robert Ayers,robert.ayers@company.com,46,Sales,70511,2017-02-03
105,Keith White,keith.white@company.com,41,Sales,136008,2018-10-02
106,Patricia Montgomery,patricia.montgomery@company.com,30,HR,62757,2019-09-13
107,Carolyn Blankenship,carolyn.blankenship@company.com,49,HR,66921,2026-02-26
108,Curtis Mills,curtis.mills@company.com,26,Marketing,93425,2016-06-20
109,Ronald Hensley,ronald.hensley@company.com,54,Finance,87016,2024-07-29
110,Nicole Walters,nicole.walters@company.com,24,Product,137236,2021-05-27
111,Ronald Allen,ronald.allen@company.com,41,Marketing,104310,2020-10-17
112,Lisa Miles,lisa.miles@company.com,28,Engineering,94248,2017-01-06
113,Caroline Richardson,caroline.richardson@company.com,65,Product,105731,2020-11-02
114,Erica Brennan,erica.brennan@company.com,30,Product,125965,2026-02-02
115,Jody Price,jody.price@company.com,57,Engineering,83847,2023-02-08
116,Bethany Cole,bethany.cole@company.com,64,Product,117552,2024-08-24
117,Brian Lowery,brian.lowery@company.com,32,Engineering,119671,2020-04-03
118,Douglas Gray DVM,douglas.dvm@company.com,30,Finance,81344,2017-03-01
119,Leonard Anderson,leonard.anderson@company.com,47,Marketing,69105,2023-06-19
120,Heather Morgan,heather.morgan@company.com,45,HR,75169,2022-08-07
121,Eric Parker,eric.parker@company.com,30,Finance,118766,2019-07-29
122,Tonya Lee,tonya.lee@company.com,32,Marketing,137378,2023-11-04
123,Mary Wagner,mary.wagner@company.com,57,HR,138680,2017-11-30
124,Laura Rodriguez,laura.rodriguez@company.com,24,Engineering,81250,2022-03-23
125,Elijah Terry,elijah.terry@company.com,58,Engineering,99937,2020-09-21
126,Jacob Ochoa,jacob.ochoa@company.com,47,Product,131813,2023-10-29
127,Joshua Ramos,joshua.ramos@company.com,48,Product,104015,2024-08-09
128,Casey Burns,casey.burns@company.com,60,Engineering,110859,2017-06-20
129,Deborah Wiggins,deborah.wiggins@company.com,49,HR,56379,2023-12-31
130,Erin Murphy,erin.murphy@company.com,48,Product,105529,2023-04-01
131,Courtney Middleton,courtney.middleton@company.com,25,Sales,77280,2018-06-09
132,Reginald Alvarado,reginald.alvarado@company.com,27,Marketing,132732,2017-02-28
133,Mark Brown,mark.brown@company.com,55,Product,58707,2016-09-26
134,Tracy Porter,tracy.porter@company.com,30,Product,98716,2025-01-29
135,Mary Caldwell,mary.caldwell@company.com,49,Finance,61227,2025-08-22
136,Arthur Smith,arthur.smith@company.com,29,Finance,135192,2022-03-19
137,Wendy Johnson,wendy.johnson@company.com,30,Product,138285,2026-01-23
138,Megan Nguyen,megan.nguyen@company.com,48,Finance,92884,2024-08-14
139,Lucas Douglas,lucas.douglas@company.com,28,Engineering,82050,2023-12-09
140,Stephanie Jackson,stephanie.jackson@company.com,30,HR,63534,2022-09-06
141,Alice Maldonado,alice.maldonado@company.com,64,HR,95539,2018-09-15
142,Adam Walker,adam.walker@company.com,65,Product,136633,2024-10-11
143,Amber Douglas,amber.douglas@company.com,51,Marketing,113842,2018-06-14
144,Shawn Frank,shawn.frank@company.com,23,Marketing,50317,2020-05-09
145,Edward Harris,edward.harris@company.com,41,Product,Not a number,2021-03-10
146,Stephanie Chapman,stephanie.chapman@company.com,30,Finance,141916,2019-11-05
147,Patricia Anderson,patricia.anderson@company.com,64,Finance,134807,2025-07-16
148,Kelly Hampton,kelly.hampton@company.com,59,HR,118153,2021-09-22
149,Christine Riley,christine.riley@company.com,41,Engineering,140298,2023-08-20
150,Susan Castro,susan.castro@company.com,50,HR,100298,2020-06-13
151,Christopher Watson,christopher.watson@company.com,58,Sales,53999,2025-03-24
152,Nathaniel Carter,nathaniel.carter@company.com,30,Engineering,81460,2022-04-16
153,Gregory Friedman,gregory.friedman@company.com,48,Finance,73771,2020-07-04
154,Jasmine Lewis,jasmine.lewis@company.com,31,HR,82539,2017-06-20
155,Vincent Green,vincent.green@company.com,56,Sales,67381,2025-07-26
156,Wanda Bradley,wanda.bradley@company.com,34,Product,96175,2022-06-26
157,Andrea Perez,andrea.perez@company.com,60,Finance,131418,2022-01-23
158,Joseph Adams,Joseph@missingdomain,40,Marketing,81801,2021-03-09
159,Daniel Paul,daniel.paul@company.com,39,Product,96436,2018-12-04
160,Keith Payne,keith.payne@company.com,44,Marketing,80883,2018-07-26
161,Valerie Cox,valerie.cox@company.com,48,Engineering,76276,2018-10-06
162,Mrs. Sabrina Lin,mrs..lin@company.com,28,Marketing,83180,2017-07-22
163,Melissa Little,melissa.little@company.com,32,Marketing,80187,2019-10-31
164,John Parker,john.parker@company.com,58,Marketing,144829,2017-06-23
165,Jake Blake,jake.blake@company.com,38,Finance,86725,2018-08-26
166,Jack Thornton,jack.thornton@company.com,36,Finance,146300,2025-04-28
167,John Hill,john.hill@company.com,56,Engineering,116324,2018-11-05
168,Debbie Gomez,debbie.gomez@company.com,37,HR,73608,2019-08-24
169,Daniel Cervantes,daniel.cervantes@company.com,26,InvalidDept,88231,2025-01-11
170,Jonathan Fernandez,jonathan.fernandez@company.com,47,Finance,138115,2023-03-09
171,Michael Davis,michael.davis@company.com,65,Sales,56738,2024-12-03
172,Linda Sutton,linda.sutton@company.com,30,Product,118416,2019-02-20
173,John Fernandez,john.fernandez@company.com,23,Finance,122784,2025-03-05
174,Jason Bishop,jason.bishop@company.com,33,Finance,73665,2020-09-19
175,Erica Wilson,erica.wilson@company.com,52,Engineering,122986,2022-08-24
176,Malik Lynn,malik.lynn@company.com,49,HR,52571,2017-12-10
177,William Flores,william.flores@company.com,38,Finance,127040,2026-01-29
178,Margaret Morris,margaret.morris@company.com,26,Sales,134147,2023-03-07
179,Caleb Brown,caleb.brown@company.com,62,Engineering,81021,2016-11-08
180,Michael Shaw,michael.shaw@company.com,25,Marketing,53131,2019-05-20
181,Dwayne Turner,Dwayne@missingdomain,61,Product,146806,2016-03-14
182,Renee Hernandez,renee.hernandez@company.com,22,HR,95690,2019-09-29
183,Crystal Andrews,crystal.andrews@company.com,23,HR,118180,2019-07-23
184,Deanna Smith,deanna.smith@company.com,58,HR,79431,2024-07-01
185,April Williams,april.williams@company.com,40,InvalidDept,59428,2026-02-08
186,Alexandra Allen,alexandra.allen@company.com,,Finance,138398,2019-05-23
187,Scott Morales,Scott@missingdomain,25,Sales,112033,2019-07-12
188,Sherry Kelly,sherry.kelly@company.com,36,Sales,98554,2025-05-29
189,April Hooper,april.hooper@company.com,,Product,79318,2024-11-27
190,Sandra Keith,sandra.keith@company.com,35,Product,118594,2020-05-31
191,Joseph Spence,joseph.spence@company.com,65,Sales,121487,2019-02-11
192,Thomas Campbell,thomas.campbell@company.com,38,Product,78618,2020-10-23
193,Steve Swanson,steve.swanson@company.com,63,Marketing,77580,2026-01-15
194,Matthew Davis,matthew.davis@company.com,22,Engineering,70165,2023-09-27
195,Douglas Odom,douglas.odom@company.com,47,Marketing,76461,2025-03-14
196,John Reed,john.reed@company.com,54,Product,88042,2023-05-03
197,Linda Long,linda.long@company.com,61,Marketing,94149,2016-03-28
198,Erin Palmer,erin.palmer@company.com,33,Engineering,59169,2021-08-27
199,Autumn Mcclure,autumn.mcclure@company.com,54,Product,86117,2024-09-03
200,Jacob Cortez,jacob.cortez@company.com,47,Sales,111155,2018-04-14
201,Dawn Turner,dawn.turner@company.com,26,Product,84534,2023-07-12
202,Charles Smith,charles.smith@company.com,38,Product,99175,2021-03-27
203,Guy Martinez,guy.martinez@company.com,26,Finance,106872,2020-04-02
204,Megan Hamilton,megan.hamilton@company.com,55,Sales,126187,2019-08-20
205,Leroy Todd,leroy.todd@company.com,53,HR,139930,2025-03-16
206,Bill Lewis,bill.lewis@company.com,48,Engineering,132241,2018-02-22
207,Renee Wilson,renee.wilson@company.com,61,Finance,76360,2022-06-22
208,Rachel Young,rachel.young@company.com,30,HR,138309,2021-04-10
209,Corey Aguilar,corey.aguilar@company.com,64,Sales,88697,2018-02-22
210,Laura Palmer,laura.palmer@company.com,41,Engineering,134140,2025-11-29
211,Justin Gonzalez,justin.gonzalez@company.com,45,HR,99419,2018-12-10
212,Brandon Booth,brandon.booth@company.com,29,Marketing,80908,2021-02-13
213,Gregory Weaver,gregory.weaver@company.com,49,Marketing,88269,2017-06-01
214,Nicole Jensen,nicole.jensen@company.com,65,Engineering,144062,2017-03-02
215,Sean Jones,sean.jones@company.com,33,InvalidDept,136594,2020-12-04
216,Michael Hartman,michael.hartman@company.com,40,Marketing,115802,2021-09-16
217,Brian Turner,brian.turner@company.com,23,Marketing,63858,2021-04-29
218,Melanie Price,melanie.price@company.com,43,Marketing,70156,2023-06-04
219,Wendy Knapp,wendy.knapp@company.com,64,Marketing,82058,2018-07-20
220,Bridget Lopez,bridget.lopez@company.com,62,Product,109097,2022-12-26
221,Christine Lee,christine.lee@company.com,31,Marketing,95145,2023-02-17
222,Beth Romero,beth.romero@company.com,59,Sales,143782,2024-12-23
223,Derek Thompson,derek.thompson@company.com,49,Product,59240,2018-11-06
224,David Jackson,david.jackson@company.com,60,Engineering,125887,2025-02-20
225,Katie Weaver,katie.weaver@company.com,52,Product,127993,2019-05-22
226,Kathy Weaver,kathy.weaver@company.com,36,Marketing,139594,2016-11-23
227,Jason Glover,jason.glover@company.com,48,Marketing,54092,2026-01-28
228,Melissa Mason,melissa.mason@company.com,22,Product,108192,2021-10-13
229,Carolyn Jackson,carolyn.jackson@company.com,31,HR,52980,2025-10-15
230,Robert Duke,robert.duke@company.com,26,Engineering,107708,2017-01-25
231,Michelle Wilson,michelle.wilson@company.com,42,Engineering,122748,2023-11-01
232,Samantha Ramirez,samantha.ramirez@company.com,54,Product,93173,2017-04-24
233,David Ryan,david.ryan@company.com,29,Finance,97041,2017-08-04
234,Charles Williams,charles.williams@company.com,24,HR,115229,2016-11-03
235,Kenneth Krueger,kenneth.krueger@company.com,32,Sales,130339,2023-07-07
236,Justin Peters,justin.peters@company.com,32,Product,136403,2019-06-27
237,Becky Hutchinson,becky.hutchinson@company.com,50,Engineering,131902,2024-06-12
238,Stephen May,stephen.may@company.com,40,HR,122181,2021-11-24
239,Christopher Krueger,christopher.krueger@company.com,23,HR,100390,2017-10-16
240,Tony Williams,tony.williams@company.com,49,Finance,78719,2021-09-13
241,Mark Cline,mark.cline@company.com,63,Finance,130782,2025-06-01
242,Stephen Crawford,stephen.crawford@company.com,22,HR,120825,2017-01-14
243,Richard Woods,richard.woods@company.com,57,Engineering,86317,2018-05-22
244,David Arnold,david.arnold@company.com,35,Product,62374,2023-03-27
245,Dr. Darren Duncan,dr..duncan@company.com,44,Engineering,132408,2020-08-20
246,Kristina Barrett,kristina.barrett@company.com,26,Sales,109437,2025-12-16
247,Matthew Rich,matthew.rich@company.com,37,Sales,131299,2018-02-22
248,Scott Stewart,scott.stewart@company.com,64,HR,117343,2016-04-24
249,Robert Cook,robert.cook@company.com,53,Marketing,117773,2020-05-08
250,Garrett Peters,garrett.peters@company.com,23,Sales,84105,2021-05-26
251,Edward Carey,edward.carey@company.com,50,Product,86922,2022-08-14
252,Kelly Smith,kelly.smith@company.com,56,Finance,54383,2019-05-04
253,Heather Trevino,heather.trevino@company.com,62,Marketing,141007,2019-07-15
254,Timothy Mcbride,timothy.mcbride@company.com,63,Marketing,124264,2018-05-12
255,Megan Martin,megan.martin@company.com,23,Engineering,75345,2025-05-27
256,Scott Sanders,scott.sanders@company.com,34,Finance,59591,2019-12-11
257,David Smith,david.smith@company.com,37,Marketing,74477,2025-03-07
258,Sharon Lopez,sharon.lopez@company.com,57,Sales,89167,2017-03-12
259,Jennifer Hart,jennifer.hart@company.com,39,Product,69270,2020-01-02
260,Jason Perez,jason.perez@company.com,35,Product,97979,2017-03-11
261,Jordan Morton,jordan.morton@company.com,63,Sales,108948,2017-06-04
262,Kyle Davidson,kyle.davidson@company.com,23,Marketing,119052,2020-12-25
263,Jeremy Williams,jeremy.williams@company.com,54,Sales,70423,2022-10-25
264,Nicholas Bennett,nicholas.bennett@company.com,52,Finance,135051,2016-03-18
265,Ashley Jones,ashley.jones@company.com,28,Sales,130510,2016-12-11
266,Sarah Clark,sarah.clark@company.com,34,Product,133685,2019-12-14
267,Mr. Justin Benton,mr..benton@company.com,55,Marketing,134916,2024-07-07
268,Lawrence Perez,lawrence.perez@company.com,47,HR,139573,2022-09-15
269,Frank Herman,frank.herman@company.com,51,Product,102972,2022-05-29
270,Lisa Higgins,lisa.higgins@company.com,50,Marketing,58598,2018-08-04
271,Mrs. Tracy Walter,mrs..walter@company.com,65,Marketing,77329,2021-02-08
272,Jeffrey Garcia,jeffrey.garcia@company.com,37,Product,121819,2025-04-28
273,John Smith,john.smith@company.com,39,Sales,63974,2016-05-28
274,Debbie Dickson,debbie.dickson@company.com,44,Engineering,79096,2024-09-12
275,Derrick Johnson,derrick.johnson@company.com,55,Engineering,76512,2020-07-26
276,Anthony Martinez,anthony.martinez@company.com,57,Finance,91236,2016-08-17
277,Michael Medina,michael.medina@company.com,38,Product,53763,2022-09-01
278,Erin Moore,erin.moore@company.com,36,Engineering,90364,2019-04-13
279,Sheri Zimmerman,sheri.zimmerman@company.com,45,HR,101663,2020-02-29
280,Michael Castillo,michael.castillo@company.com,33,Finance,77564,2017-08-09
281,Richard Thomas,richard.thomas@company.com,25,Marketing,57561,2020-07-10
282,Alex Patterson,alex.patterson@company.com,42,Marketing,142491,2017-01-29
283,Timothy Caldwell,timothy.caldwell@company.com,56,Engineering,127284,2018-10-03
284,Christine Rodriguez,christine.rodriguez@company.com,25,Engineering,129221,2021-12-28
285,Stephen Hogan,stephen.hogan@company.com,63,Sales,81035,2023-04-16
286,Joseph Morrison MD,joseph.md@company.com,22,Finance,56857,2021-03-30
287,James Johnson,james.johnson@company.com,26,Sales,135185,2021-06-09
288,Michelle Smith DVM,michelle.dvm@company.com,26,Product,128949,2023-07-23
289,Andrew Garza,andrew.garza@company.com,40,Engineering,115313,2024-02-29
290,Ronald Scott,ronald.scott@company.com,51,Finance,65852,2019-08-21
291,Jessica Rogers,jessica.rogers@company.com,64,Product,126355,2024-11-30
292,Diana Smith,diana.smith@company.com,47,Marketing,80594,2025-02-13
293,Michelle Hernandez,michelle.hernandez@company.com,52,HR,86854,2020-04-15
294,Allen Stout,allen.stout@company.com,44,Product,131885,2022-10-30
295,Maria Keller,maria.keller@company.com,60,Engineering,56514,2018-02-16
296,Andrew Newman,andrew.newman@company.com,49,Finance,89639,2022-08-26
297,Thomas Strong,thomas.strong@company.com,23,Sales,54829,2022-11-18
298,Michael Rodriguez,michael.rodriguez@company.com,23,Engineering,103367,2024-12-26
299,Noah Turner,noah.turner@company.com,30,Marketing,101591,2020-08-06
300,Brittney Davis,brittney.davis@company.com,30,InvalidDept,74181,2019-11-12
301,Timothy Kirk,Timothy@missingdomain,34,Sales,122956,2017-05-27
302,Charles Lopez,charles.lopez@company.com,25,Engineering,136853,2017-08-25
303,Jessica Smith,jessica.smith@company.com,34,Product,128417,2024-05-23
304,Marvin Smith,marvin.smith@company.com,59,Sales,134433,2018-06-19
305,Carolyn Anderson,carolyn.anderson@company.com,59,Sales,139956,2020-01-18
306,Debbie Lopez,debbie.lopez@company.com,24,Sales,64563,2022-10-07
307,Scott Williams,scott.williams@company.com,38,Sales,105823,2019-04-18
308,Bianca Jones,bianca.jones@company.com,34,Finance,133376,2024-03-04
309,Kendra Howard,kendra.howard@company.com,43,Finance,116145,2021-11-26
310,Jason Byrd,jason.byrd@company.com,51,HR,63152,2019-06-16
311,James Meyer,james.meyer@company.com,28,Marketing,93696,2017-09-27
312,Robert Ramos,robert.ramos@company.com,40,Marketing,110760,2021-12-31
313,Leslie Martinez,leslie.martinez@company.com,24,Product,142447,2022-06-15
314,Michael Hale,michael.hale@company.com,63,HR,120797,2021-03-01
315,Olivia Ayala,olivia.ayala@company.com,43,HR,135674,2023-12-08
316,Alejandro Olson,alejandro.olson@company.com,51,HR,100069,2016-08-10
317,John Orr,john.orr@company.com,63,Finance,53898,2024-12-02
318,William Ortega,william.ortega@company.com,62,Marketing,147829,2023-08-25
319,Angela Carr,angela.carr@company.com,28,Finance,58936,2020-09-29
320,Vanessa Harrison,vanessa.harrison@company.com,51,Finance,112358,2018-09-03
321,Sarah Wilson,sarah.wilson@company.com,29,Marketing,111426,2018-05-24
322,Taylor Washington,taylor.washington@company.com,54,Finance,98604,2022-12-29
323,Louis Gutierrez,louis.gutierrez@company.com,23,Product,121547,2018-10-01
324,Ronald Nelson,ronald.nelson@company.com,65,Sales,63597,2019-04-05
325,Emily Hill,emily.hill@company.com,45,Product,88434,2023-07-25
326,Corey Castillo,corey.castillo@company.com,33,Product,116970,2017-02-02
327,Hunter Brown,hunter.brown@company.com,34,Marketing,62826,2017-07-30
328,Erik Garcia,erik.garcia@company.com,57,Sales,77155,2018-10-12
329,Deborah Brock,deborah.brock@company.com,26,HR,0,2017-01-20
330,Michael Obrien,michael.obrien@company.com,52,Engineering,114348,2020-09-02
331,Kristine Payne,kristine.payne@company.com,36,Product,74576,2022-12-11
332,Angela Mcneil,angela.mcneil@company.com,31,Marketing,83670,2017-10-01
333,Lisa Glover,lisa.glover@company.com,56,Product,103497,2017-03-15
334,April Johnson,april.johnson@company.com,31,Engineering,80288,2022-12-02
335,Julie Thomas,julie.thomas@company.com,27,Sales,117676,2023-09-15
336,Travis Conway,travis.conway@company.com,58,Finance,56229,2022-03-06
337,John Odonnell,john.odonnell@company.com,29,Product,146641,2024-04-24
338,Kyle Davidson,kyle.davidson@company.com,36,Product,96186,2021-06-13
339,Anne Massey,anne.massey@company.com,33,Engineering,100109,2018-10-06
340,Pamela Juarez,pamela.juarez@company.com,56,Sales,76168,2017-09-18
341,Kimberly Wilson,kimberly.wilson@company.com,52,Engineering,140716,2022-07-09
342,Terry Parker,terry.parker@company.com,25,HR,103882,2024-12-12
343,Ian Smith,ian.smith@company.com,23,Sales,79447,2023-09-17
344,Katherine Butler,katherine.butler@company.com,39,Marketing,110258,2025-10-07
345,Carrie Poole,carrie.poole@company.com,38,Marketing,67000,2019-02-25
346,Heidi Flores,heidi.flores@company.com,52,Marketing,125145,2020-01-22
347,Brandi Gilbert,brandi.gilbert@company.com,39,Marketing,65300,2024-09-03
348,Robert Gutierrez,robert.gutierrez@company.com,43,Marketing,122340,2022-09-28
349,Cameron Randall,cameron.randall@company.com,43,HR,89366,2023-02-02
350,Mary Chen,mary.chen@company.com,60,Product,138955,2016-09-12
351,Jennifer Myers,jennifer.myers@company.com,30,Product,56471,2019-10-28
352,Jennifer Marsh,jennifer.marsh@company.com,28,Sales,72234,2019-06-24
353,Steven Hooper,steven.hooper@company.com,46,Finance,98494,2022-03-31
354,Jennifer Johnson,jennifer.johnson@company.com,45,Product,117251,2022-11-17
355,Charles Hicks,charles.hicks@company.com,61,Product,60070,2024-03-08
356,Philip Johnson,philip.johnson@company.com,29,Finance,107089,2023-12-11
357,Kimberly Ashley,kimberly.ashley@company.com,54,Engineering,51806,2016-04-08
358,Austin Greene,austin.greene@company.com,40,HR,135301,2023-09-22
359,David Lopez,david.lopez@company.com,47,HR,121167,2019-05-24
360,Crystal Casey,crystal.casey@company.com,45,Engineering,79923,2024-09-23
361,Christine Rodriguez,christine.rodriguez@company.com,57,Engineering,131099,2022-09-15
362,William Brown,william.brown@company.com,54,Product,107862,2024-11-01
363,William West,william.west@company.com,41,Marketing,117911,2023-07-13
364,Michael Villa,michael.villa@company.com,31,Product,117750,2018-06-27
365,Jeremy Caldwell,jeremy.caldwell@company.com,63,Marketing,67715,2021-07-13
366,Martin Thompson,martin.thompson@company.com,56,Engineering,61796,2025-03-07
367,Austin David,austin.david@company.com,52,Finance,115450,2021-03-05
368,Brittany Hobbs,brittany.hobbs@company.com,48,Marketing,143931,2019-03-11
369,Emily Jimenez MD,emily.md@company.com,44,Engineering,61677,2022-11-30
370,Mr. Jason Pierce,mr..pierce@company.com,60,Sales,111899,2025-01-31
371,Patrick Adams,patrick.adams@company.com,55,Marketing,-1000,2025-10-21
372,Jessica Brown MD,jessica.md@company.com,22,Product,115847,2024-11-25
373,Crystal Mendoza,crystal.mendoza@company.com,27,Marketing,133810,2018-11-14
374,Sandra Bennett,sandra.bennett@company.com,45,HR,83984,2017-07-05
375,Cynthia Hughes,cynthia.hughes@company.com,36,Sales,55308,2022-10-03
376,Crystal Garcia,crystal.garcia@company.com,25,Sales,141295,2022-03-26
377,Scott Graves,scott.graves@company.com,61,Product,67479,2025-03-01
378,Meagan Martinez,meagan.martinez@company.com,24,Engineering,87097,2016-03-10
379,Carol Young MD,carol.md@company.com,32,Engineering,146646,2020-01-03
380,David Hartman,david.hartman@company.com,63,Product,65802,2022-03-06
381,,james.lewis@company.com,47,Engineering,78584,2020-07-19
382,Amanda Benson,amanda.benson@company.com,27,Sales,149213,2025-09-11
383,Cheryl Dixon,cheryl.dixon@company.com,59,Finance,91548,2021-09-06
384,Joe Jackson,joe.jackson@company.com,34,Finance,89126,2021-07-03
385,Kristina Young,kristina.young@company.com,51,Engineering,86671,2025-07-13
386,Kimberly Dougherty,kimberly.dougherty@company.com,41,Sales,77258,2018-03-26
387,Karen Foster,karen.foster@company.com,32,Finance,111298,2019-09-15
388,,rebecca.md@company.com,65,Product,102064,2024-01-01
389,Connor Duncan,connor.duncan@company.com,40,HR,127186,2018-05-24
390,Maureen Davis,maureen.davis@company.com,42,HR,102771,2025-04-22
391,Jamie Daniel,jamie.daniel@company.com,40,Marketing,71223,2017-10-16
392,Lori Woodard,lori.woodard@company.com,36,Finance,97283,2021-05-18
393,,tina.harris@company.com,48,Sales,140049,2023-06-13
394,David Osborn,david.osborn@company.com,63,Engineering,66702,2019-08-11
395,Shelley Sanchez,shelley.sanchez@company.com,60,Finance,81335,2017-09-07
396,Joseph Aguirre,joseph.aguirre@company.com,49,Finance,76756,2020-02-01
397,Meghan Soto,meghan.soto@company.com,58,Product,81520,2024-06-29
398,,jesse.chen@company.com,61,Finance,138857,2020-01-23
399,Thomas Scott,thomas.scott@company.com,56,Product,111426,2017-03-24
400,Brian Martinez,brian.martinez@company.com,59,Marketing,111941,2022-01-23
401,,brandon.robinson@company.com,39,Sales,99577,2017-12-04
402,Charles Jackson,charles.jackson@company.com,64,HR,92834,2023-01-08
403,Kimberly Petersen,kimberly.petersen@company.com,42,Sales,118975,2016-10-08
404,Kelly Glover,kelly.glover@company.com,31,Engineering,134877,2023-02-07
405,Jamie Hunter PhD,jamie.phd@company.com,26,HR,81269,2025-03-07
406,Kara Lewis,kara.lewis@company.com,26,Sales,71138,2024-04-29
407,Heather Wright,heather.wright@company.com,50,Sales,107252,2021-04-05
408,Bethany York,bethany.york@company.com,23,Product,90265,2025-05-09
409,Michael Kennedy,michael.kennedy@company.com,48,Marketing,81052,2021-10-30
410,Daniel Snyder,daniel.snyder@company.com,62,Engineering,118485,2019-10-23
411,Jessica Barnes,jessica.barnes@company.com,33,Engineering,106399,2016-03-20
412,Diana Li,diana.li@company.com,37,Finance,70966,2022-05-30
413,Sharon Obrien,sharon.obrien@company.com,27,HR,110293,2016-12-03
414,Shannon Jenkins,shannon.jenkins@company.com,35,Marketing,146284,2022-04-14
415,Paul Woodard,paul.woodard@company.com,45,Engineering,122043,2016-10-19
416,Kayla Hamilton,kayla.hamilton@company.com,52,Sales,145598,2023-10-04
417,Angel Orozco,angel.orozco@company.com,34,HR,58751,2017-03-15
418,Brianna Henson,brianna.henson@company.com,41,Marketing,145433,2016-07-31
419,Dr. Patricia Mullen,dr..mullen@company.com,28,Product,71963,2020-03-20
420,Bradley Saunders,bradley.saunders@company.com,24,Engineering,129697,2022-07-30
421,Nathan Gibson,nathan.gibson@company.com,56,Finance,105810,2023-09-05
422,Autumn Hall,autumn.hall@company.com,58,Finance,84029,2025-02-06
423,Wendy Jackson,wendy.jackson@company.com,27,Product,129900,2022-11-07
424,Wendy Gallagher,wendy.gallagher@company.com,26,HR,126557,2019-01-20
425,Sean Harris,sean.harris@company.com,41,HR,128894,2022-12-30
426,Sierra Cortez,sierra.cortez@company.com,31,Sales,118583,2019-02-20
427,Kristen Matthews,kristen.matthews@company.com,54,Engineering,92304,2023-12-22
428,Jesse Evans,jesse.evans@company.com,29,Product,134730,2021-06-22
429,Justin Romero,justin.romero@company.com,42,Finance,125937,2022-08-28
430,Donald Reid,donald.reid@company.com,51,Marketing,68973,2022-07-21
431,Matthew Palmer,matthew.palmer@company.com,24,Sales,88217,2025-11-10
432,Lori White,lori.white@company.com,57,Marketing,55402,2017-04-09
433,Teresa Morris,teresa.morris@company.com,40,Marketing,82651,2024-12-14
434,Brandon Tran,brandon.tran@company.com,22,Marketing,77362,2023-02-04
435,Victor Lewis,victor.lewis@company.com,49,Finance,75838,2023-05-09
436,Melissa May,melissa.may@company.com,42,Product,116720,2023-12-04
437,Kevin Green,kevin.green@company.com,37,Marketing,68358,2024-07-22
438,Jay Morris,jay.morris@company.com,42,Finance,120406,2018-10-15
439,Olivia Kelly,olivia.kelly@company.com,40,Engineering,102823,2024-04-03
440,Steve Hester,steve.hester@company.com,65,Marketing,93084,2018-10-15
441,Jesse Thomas,jesse.thomas@company.com,56,Product,67227,2020-02-06
442,Eric Wood,eric.wood@company.com,56,Engineering,65663,2020-08-07
443,Gabriel Casey,gabriel.casey@company.com,50,Finance,131784,2025-11-10
444,Carolyn Johnson,carolyn.johnson@company.com,58,Marketing,50836,2018-07-10
445,Debbie Sims,debbie.sims@company.com,39,Finance,50987,2023-12-17
446,William Ramos,william.ramos@company.com,27,HR,55422,2019-09-04
447,Beverly Cunningham,beverly.cunningham@company.com,27,Product,89104,2020-04-15
448,Kathy Tate DDS,kathy.dds@company.com,59,Product,135294,2023-05-21
449,Gary Delgado,gary.delgado@company.com,52,Product,126708,2025-03-18
450,Jason Martin,jason.martin@company.com,28,HR,87698,2022-09-04
451,Ronald Kaiser,ronald.kaiser@company.com,46,Engineering,116403,2022-09-18
452,Derrick Alexander,derrick.alexander@company.com,63,Engineering,109744,2019-01-24
453,Kenneth Wood,kenneth.wood@company.com,64,HR,112767,2023-09-03
454,Dawn Schwartz,dawn.schwartz@company.com,36,Product,127333,2023-05-06
455,James Ho,james.ho@company.com,44,Sales,146021,2018-06-12
456,Brandon Edwards,brandon.edwards@company.com,37,Sales,104784,2022-09-01
457,Jeffery Yu,jeffery.yu@company.com,43,HR,82318,2019-01-28
458,Diane Mitchell,diane.mitchell@company.com,47,Marketing,108459,2023-04-10
459,Nicole Norris,nicole.norris@company.com,55,Product,64453,2016-07-29
460,Ashley French,ashley.french@company.com,24,Engineering,108868,2020-05-19
461,Leonard Guerrero,leonard.guerrero@company.com,64,Engineering,123838,2019-12-18
462,Christopher Clark,christopher.clark@company.com,46,HR,50067,2024-07-10
463,Stephen Jensen,stephen.jensen@company.com,29,Finance,85540,2018-08-04
464,Teresa Walker,teresa.walker@company.com,47,InvalidDept,95082,2020-02-03
465,Roy Campbell,roy.campbell@company.com,38,InvalidDept,131241,2017-12-11
466,Robert Jones,robert.jones@company.com,49,Marketing,96581,2022-01-30
467,Natalie Smith,natalie.smith@company.com,29,Finance,71962,2023-05-09
468,Brittany Horton,brittany.horton@company.com,53,HR,94331,2021-05-23
469,Janice Werner,janice.werner@company.com,60,HR,104812,2020-12-08
470,Margaret Hughes,margaret.hughes@company.com,59,HR,79385,2021-12-30
471,Mark Collins,mark.collins@company.com,48,Marketing,129279,2021-10-18
472,Nathan West,nathan.west@company.com,26,Finance,98648,2024-05-11
473,Scott Brown,scott.brown@company.com,45,Sales,148126,2022-07-20
474,Hannah Bolton,hannah.bolton@company.com,22,Engineering,54743,2017-09-30
475,Denise Harris,denise.harris@company.com,63,HR,78095,2020-10-27
476,Craig Campbell,craig.campbell@company.com,41,HR,136026,2023-12-31
477,Brian West,brian.west@company.com,57,Product,145765,2022-11-07
478,Patricia Carter,patricia.carter@company.com,45,Finance,65387,2018-08-16
479,Gabriel Bowman,gabriel.bowman@company.com,36,Engineering,116895,2020-03-09
480,Jonathan Gomez,jonathan.gomez@company.com,60,Engineering,97786,2022-02-01
481,Lindsay Harmon,lindsay.harmon@company.com,33,Marketing,88725,2016-03-17
482,Adriana Delgado,adriana.delgado@company.com,42,Product,83193,2026-02-05
483,Jamie Johnson,jamie.johnson@company.com,52,HR,87130,2020-11-09
484,Danielle Henry,danielle.henry@company.com,,Engineering,136095,2021-04-02
485,Spencer Brown,spencer.brown@company.com,59,Marketing,68089,2025-07-31
486,Kyle Doyle,kyle.doyle@company.com,31,Marketing,50667,2021-08-13
487,Megan Hill,megan.hill@company.com,55,HR,142944,2021-12-15
488,Lee Johnson,lee.johnson@company.com,65,Finance,97642,2021-02-16
489,Tamara Parsons,tamara.parsons@company.com,46,Finance,127320,2025-06-10
490,Amanda Ross,amanda.ross@company.com,58,Marketing,119671,2018-03-12
491,Dr. Julie Evans DVM,dr..dvm@company.com,38,Finance,94776,2023-12-05
492,Zachary Medina,zachary.medina@company.com,27,Sales,125916,2022-04-09
493,Maria Campbell,maria.campbell@company.com,30,Finance,134851,2024-06-20
494,Savannah Melton,savannah.melton@company.com,36,HR,100754,2024-05-11
495,Brooke Lynch,brooke.lynch@company.com,48,Product,83814,2021-08-16
496,Thomas Larson,thomas.larson@company.com,59,Sales,116367,2022-12-03
497,David Harris,david.harris@company.com,57,Marketing,144273,2023-05-17
498,Alicia Wagner,alicia.wagner@company.com,27,Sales,63866,2023-05-05
499,Roy Long,roy.long@company.com,47,Engineering,122307,2021-09-01
500,Francisco Robinson,francisco.robinson@company.com,59,Marketing,87474,2024-02-04
501,Madison Young,madison.young@company.com,31,HR,139233,2024-11-04
502,Roger Sims,roger.sims@company.com,56,Marketing,126516,2018-07-27
503,Samantha Beasley,samantha.beasley@company.com,26,Engineering,121708,2020-04-19
504,Jesus Davis,jesus.davis@company.com,43,Product,126529,2024-01-11
505,Robert Bowers,robert.bowers@company.com,55,Finance,126187,2023-06-11
506,Kristen Gutierrez,kristen.gutierrez@company.com,32,Engineering,139334,2022-12-02
507,Jillian Carrillo,jillian.carrillo@company.com,22,Product,57709,2025-07-04
508,Amber Barker,amber.barker@company.com,47,Product,71819,2024-12-05
509,Barry Jones,barry.jones@company.com,42,Marketing,94313,2017-07-22
510,Anthony Hammond,anthony.hammond@company.com,24,Sales,101458,2018-10-01
511,Karen Murphy,karen.murphy@company.com,45,Product,79520,2018-04-04
512,David Moody,david.moody@company.com,33,Engineering,93657,2017-04-15
513,Christopher Nelson,christopher.nelson@company.com,64,Finance,125175,2025-06-03
514,Scott Frazier,scott.frazier@company.com,39,Product,123171,2019-01-26
515,Joanne Fields,joanne.fields@company.com,44,Finance,128429,2017-01-28
516,Michelle Roberts,michelle.roberts@company.com,,Product,115108,2023-10-13
517,Mrs. Christina Fernandez,mrs..fernandez@company.com,38,Marketing,122444,2025-02-01
518,Lucas Savage,lucas.savage@company.com,36,Finance,139560,2016-05-17
519,Lori Ramos,lori.ramos@company.com,27,Engineering,147451,2020-01-25
520,Jerry Rodriguez,jerry.rodriguez@company.com,30,Sales,121658,2023-11-21
521,Samuel Garcia,samuel.garcia@company.com,53,Sales,90031,2016-04-05
522,William Trujillo,william.trujillo@company.com,49,HR,85768,2023-04-23
523,Donna Raymond,donna.raymond@company.com,57,Sales,64934,2017-03-14
524,Anthony Sexton,anthony.sexton@company.com,37,Sales,148271,2023-11-02
525,Tiffany Hawkins,tiffany.hawkins@company.com,59,Sales,96687,2021-07-15
526,Denise Contreras,denise.contreras@company.com,63,Finance,114830,2020-05-02
527,Jacqueline Hooper,jacqueline.hooper@company.com,25,HR,80038,2022-12-11
528,Veronica Wright,veronica.wright@company.com,46,Finance,135674,2021-09-01
529,Edward Olsen,edward.olsen@company.com,41,HR,103485,2020-07-03
530,Douglas Maldonado,douglas.maldonado@company.com,58,Sales,107641,2017-10-15
531,Amber Mccarthy DDS,amber.dds@company.com,30,HR,76439,2025-11-13
532,Cheryl Hodge,cheryl.hodge@company.com,62,Product,75781,2017-03-14
533,Jane Miller,jane.miller@company.com,36,InvalidDept,145370,2016-07-17
534,Lori Guzman,lori.guzman@company.com,62,Finance,108660,2024-07-12
535,Donna Reyes,donna.reyes@company.com,58,Marketing,90755,2018-10-13
536,Susan Branch,susan.branch@company.com,50,Product,54839,2022-04-23
537,Robert Bond,robert.bond@company.com,48,Product,109059,2019-03-27
538,,laura.ramirez@company.com,63,Sales,146663,2026-03-03
539,James Porter,james.porter@company.com,33,Product,54584,2026-01-01
540,Eric Bryant DVM,eric.dvm@company.com,44,HR,82746,2023-10-06
541,Andrew Sullivan,andrew.sullivan@company.com,27,Engineering,118407,2018-06-15
542,Austin Pope,austin.pope@company.com,50,Marketing,128427,2019-02-23
543,Julie Swanson,julie.swanson@company.com,52,Product,60819,2020-10-13
544,Jenna Galvan,jenna.galvan@company.com,44,HR,103672,2019-06-03
545,Betty Ward,betty.ward@company.com,59,Finance,64096,2019-03-03
546,Michael Thomas,michael.thomas@company.com,26,Sales,83084,2020-02-19
547,Sean Lopez,sean.lopez@company.com,65,Product,94317,2020-05-07
548,Robert Fitzpatrick,robert.fitzpatrick@company.com,62,Product,54762,2020-08-27
549,Drew Anderson,drew.anderson@company.com,38,Engineering,121756,2023-06-08
550,Christopher Hernandez,christopher.hernandez@company.com,32,Marketing,134934,2025-12-28
551,Cheryl Frederick,cheryl.frederick@company.com,65,Marketing,145846,2023-04-10
552,Omar Ramirez,omar.ramirez@company.com,49,Marketing,67915,2025-08-25
553,April Haynes,april.haynes@company.com,49,Finance,142033,2021-08-03
554,Joel Mccullough,joel.mccullough@company.com,28,Sales,55965,2022-06-30
555,Gregory Lester,gregory.lester@company.com,49,Sales,118398,2021-05-18
556,Jenna Alvarado,jenna.alvarado@company.com,55,Product,76968,2023-01-05
557,Vanessa Adkins,vanessa.adkins@company.com,50,Sales,139060,2020-12-02
558,Natalie Martin,natalie.martin@company.com,24,Sales,137666,2017-03-02
559,Laura Robertson,laura.robertson@company.com,22,Sales,138287,2025-07-01
560,Helen Ferguson,helen.ferguson@company.com,47,Sales,116392,2018-09-07
561,Stephen Dunn,stephen.dunn@company.com,58,HR,113205,2018-05-17
562,Teresa Stout,teresa.stout@company.com,24,Finance,56061,2022-06-07
563,Alisha Foster,alisha.foster@company.com,26,HR,119330,2018-01-10
564,Samuel Williams,samuel.williams@company.com,24,Product,107889,2021-10-19
565,Valerie Gardner,valerie.gardner@company.com,51,Engineering,118043,2017-04-19
566,Stephen Lopez,stephen.lopez@company.com,29,HR,92516,2020-10-22
567,Stephen Williams,stephen.williams@company.com,44,Product,79284,2022-02-20
568,Maria Adams,maria.adams@company.com,26,HR,132835,2023-03-23
569,Christine Brewer,christine.brewer@company.com,41,Engineering,91890,2016-10-29
570,Justin Buck,justin.buck@company.com,62,Marketing,122068,2017-07-15
571,Jose Santos,jose.santos@company.com,22,Finance,140738,2023-01-11
572,Michael Small,michael.small@company.com,39,Sales,61359,2021-12-26
573,Matthew Contreras,matthew.contreras@company.com,58,Finance,132737,2023-12-07
574,Marie Simpson,marie.simpson@company.com,34,Engineering,134764,2019-05-28
575,Amy Watts,amy.watts@company.com,41,Marketing,133745,2019-10-21
576,Derrick Willis DDS,derrick.dds@company.com,35,HR,0,2016-11-21
577,Jennifer Kirby,jennifer.kirby@company.com,50,Marketing,59405,2026-02-21
578,Nicole Anderson,nicole.anderson@company.com,61,Product,115609,2017-04-23
579,Stacey Clay,stacey.clay@company.com,42,HR,105763,2017-02-24
580,Ashley Pratt,ashley.pratt@company.com,23,Engineering,118643,2020-02-28
581,Jill Mitchell,jill.mitchell@company.com,57,HR,59074,2025-08-02
582,Roberto Campbell,roberto.campbell@company.com,50,Sales,70320,2020-07-11
583,Jennifer Turner,jennifer.turner@company.com,26,Marketing,146776,2019-01-02
584,Terry Le,terry.le@company.com,48,Product,110335,2021-10-27
585,Thomas Cobb,thomas.cobb@company.com,34,Sales,122596,2021-08-19
586,Stephanie Williams,stephanie.williams@company.com,34,HR,130767,2023-04-03
587,Eric Jackson,eric.jackson@company.com,50,Marketing,147952,2020-03-15
588,Roy Pena,roy.pena@company.com,52,Product,95232,2025-02-06
589,Robert Vance,robert.vance@company.com,25,Engineering,133864,2020-02-06
590,Michael Jenkins,michael.jenkins@company.com,46,Finance,127710,2021-04-22
591,Brian Nichols,brian.nichols@company.com,50,Finance,134998,2019-06-20
592,Christian Baird,christian.baird@company.com,53,Sales,72999,2024-10-19
593,Kayla Munoz,kayla.munoz@company.com,27,Finance,69035,2024-04-16
594,Pamela Reed,pamela.reed@company.com,37,Sales,120980,2025-03-09
595,Brian Estrada,brian.estrada@company.com,55,Finance,93009,2017-05-25
596,Laura Mckinney,laura.mckinney@company.com,41,Finance,59530,2018-01-20
597,Nina Ibarra,nina.ibarra@company.com,45,Product,58437,2017-04-08
598,Billy Lane,billy.lane@company.com,54,Finance,88996,2021-06-12
599,Amber Mcguire,amber.mcguire@company.com,31,Product,58495,2019-12-17
600,Kirsten Frederick,kirsten.frederick@company.com,59,Marketing,141387,2022-04-20
601,Matthew Hill,matthew.hill@company.com,34,Marketing,63333,2017-11-08
602,Harold Schmidt,harold.schmidt@company.com,34,Finance,95378,2022-08-12
603,Randy Bailey,randy.bailey@company.com,37,Finance,101263,2023-07-12
604,Randy Andrews,randy.andrews@company.com,49,Engineering,115882,2019-10-26
605,Austin Gonzales,austin.gonzales@company.com,65,Finance,85642,2023-09-17
606,Mark Martinez,mark.martinez@company.com,61,Finance,111784,2019-12-24
607,Justin Barrera,justin.barrera@company.com,26,HR,139681,2022-02-09
608,Trevor Lewis,trevor.lewis@company.com,47,Sales,90900,2017-05-17
609,Stacey Alexander,stacey.alexander@company.com,32,Sales,51326,2018-08-10
610,,timothy.lewis@company.com,28,Sales,50165,2016-06-28
611,Justin Anderson,justin.anderson@company.com,49,Product,112658,2016-12-07
612,Michelle Carpenter,michelle.carpenter@company.com,42,HR,120028,2016-06-05
613,Scott Larsen,scott.larsen@company.com,37,Finance,140484,2024-01-29
614,Courtney Beck,courtney.beck@company.com,30,Finance,108439,2023-11-13
615,Kelly Hall,kelly.hall@company.com,54,Product,84636,2022-06-14
616,Sara Martinez,sara.martinez@company.com,28,Sales,120563,2024-05-20
617,Tina Clayton,tina.clayton@company.com,59,Marketing,53033,2024-02-18
618,John Johnson,john.johnson@company.com,30,Sales,126568,2018-01-01
619,Sheryl Clark,sheryl.clark@company.com,49,Engineering,125074,2017-04-05
620,Shawn Wilkins,shawn.wilkins@company.com,62,Finance,87195,2022-12-31
621,Donna Rodriguez,donna.rodriguez@company.com,23,Product,82119,2017-01-18
622,Stephanie Avila,stephanie.avila@company.com,44,Engineering,117292,2019-05-07
623,Meghan Hart,meghan.hart@company.com,55,Product,53761,2025-04-30
624,Steven Ramirez,steven.ramirez@company.com,45,Product,112494,2023-01-25
625,Kenneth Washington,kenneth.washington@company.com,48,Finance,69579,2025-06-08
626,Alyssa Shaw,alyssa.shaw@company.com,,Product,112423,2021-01-07
627,Penny Khan,penny.khan@company.com,51,Marketing,79723,2021-06-13
628,Tricia Ellis,tricia.ellis@company.com,51,Sales,55546,2020-03-03
629,Terri Dean,terri.dean@company.com,34,Sales,135651,2019-08-11
630,Tracy English,tracy.english@company.com,30,Sales,89753,2022-10-29
631,Lisa Pearson,lisa.pearson@company.com,44,Finance,93996,2017-10-16
632,Dawn Leach,dawn.leach@company.com,27,HR,55104,2023-12-15
633,Tracey Jones,tracey.jones@company.com,46,Finance,103255,2025-03-07
634,Margaret Burgess,margaret.burgess@company.com,29,Product,124585,2024-05-27
635,Sonya Young,sonya.young@company.com,52,Sales,113114,2024-11-25
636,Charles White,charles.white@company.com,38,Engineering,118257,2019-08-03
637,Darlene Bennett,darlene.bennett@company.com,33,HR,119984,2026-03-08
638,Austin Oliver,austin.oliver@company.com,32,HR,101542,2022-10-10
639,Crystal Jackson,crystal.jackson@company.com,33,Product,71511,2016-05-31
640,Laura Davies,laura.davies@company.com,32,Product,129676,2017-01-22
641,Joseph Cole,joseph.cole@company.com,60,Engineering,112226,2020-01-08
642,Samantha Hensley,samantha.hensley@company.com,63,Sales,134032,2022-01-17
643,Madison Coleman,madison.coleman@company.com,65,HR,84547,2023-05-22
644,Gregory Jackson,gregory.jackson@company.com,33,Finance,149137,2025-06-20
645,Roy Blake,roy.blake@company.com,32,Sales,55021,2016-11-18
646,Jessica Soto,jessica.soto@company.com,47,Finance,140579,2018-08-22
647,Harold Burns,harold.burns@company.com,54,Finance,56234,2021-09-03
648,Ashley Robles,ashley.robles@company.com,57,Marketing,56676,2019-10-26
649,Brianna Bridges,brianna.bridges@company.com,61,Sales,136669,2018-10-07
650,Shelby Young,shelby.young@company.com,47,Engineering,128889,2018-12-04
651,David Holt,david.holt@company.com,36,Product,104082,2023-03-12
652,Deanna Ross,deanna.ross@company.com,38,Sales,52318,2024-02-09
653,Mackenzie Johnson,mackenzie.johnson@company.com,34,InvalidDept,147665,2020-05-05
654,Anthony Key,anthony.key@company.com,44,Finance,112443,2018-09-21
655,Heather Fritz,heather.fritz@company.com,40,Engineering,110538,2023-11-03
656,Jennifer Gregory,jennifer.gregory@company.com,38,Sales,89196,2025-10-12
657,Tiffany Johnson,tiffany.johnson@company.com,24,Marketing,138941,2021-04-22
658,Rachel White,rachel.white@company.com,44,HR,143991,2021-06-20
659,Christopher Reynolds,christopher.reynolds@company.com,28,Sales,93814,2023-06-03
660,Johnny Miles,johnny.miles@company.com,24,Marketing,70200,2021-06-19
661,Tim Webb,tim.webb@company.com,55,Product,140211,2018-06-08
662,Brenda Mclean,brenda.mclean@company.com,48,HR,149914,2016-11-03
663,Sarah Davis,sarah.davis@company.com,60,Finance,69420,2020-05-25
664,Maria Hopkins,maria.hopkins@company.com,25,Engineering,59730,2017-07-12
665,Andre Li,andre.li@company.com,36,Finance,96784,2021-11-29
666,Kristina Walker,kristina.walker@company.com,63,Finance,100372,2018-11-22
667,Aaron Lewis,aaron.lewis@company.com,57,Product,101475,2020-08-09
668,Kevin Diaz,kevin.diaz@company.com,36,Marketing,144779,2016-08-29
669,Douglas Fernandez,douglas.fernandez@company.com,39,Finance,76562,2020-01-03
670,Andrew Hines,andrew.hines@company.com,54,Engineering,51464,2024-12-28
671,Jared Bryant PhD,jared.phd@company.com,25,Product,106434,2025-02-23
672,Melissa Thomas,melissa.thomas@company.com,37,Marketing,59716,2018-10-06
673,Brian Young,brian.young@company.com,37,Finance,145442,2019-12-11
674,Monica Perez,monica.perez@company.com,36,Sales,52089,2019-03-06
675,Nicholas Thomas,nicholas.thomas@company.com,38,Finance,0,2018-05-15
676,David Lane,david.lane@company.com,65,Sales,68512,2025-01-27
677,Terri Nelson,terri.nelson@company.com,58,HR,137397,2021-02-02
678,Lisa Woodard,lisa.woodard@company.com,30,Finance,59706,2023-05-07
679,Robert Moreno,robert.moreno@company.com,65,Engineering,95496,2025-12-21
680,Melanie Goodman,melanie.goodman@company.com,37,Product,118589,2018-09-04
681,Christopher Mcbride,christopher.mcbride@company.com,48,Product,100092,2024-05-08
682,Paul Porter,paul.porter@company.com,22,Finance,78678,2020-12-16
683,Bailey Hess,bailey.hess@company.com,46,Marketing,54446,2017-12-14
684,Regina Rice,regina.rice@company.com,61,Product,70522,2020-07-02
685,Katelyn Brown,katelyn.brown@company.com,23,Engineering,94255,2021-10-08
686,Mason Lam,mason.lam@company.com,35,Marketing,51754,2022-06-01
687,Charles Lee,charles.lee@company.com,32,Finance,96267,2024-06-04
688,Aaron King,aaron.king@company.com,62,Sales,75827,2017-08-06
689,Mark Allen,mark.allen@company.com,52,HR,133865,2019-10-24
690,Tammy Francis,tammy.francis@company.com,64,Finance,128060,2023-06-01
691,Jamie Hall,jamie.hall@company.com,29,Marketing,121465,2026-02-20
692,Xavier Reese,xavier.reese@company.com,33,Product,71238,2018-06-28
693,Frances Diaz,frances.diaz@company.com,52,Marketing,52223,2017-08-19
694,Nicholas Hines,nicholas.hines@company.com,28,Sales,74053,2026-01-11
695,Elizabeth Hurst,elizabeth.hurst@company.com,0,Engineering,88869,2018-02-22
696,Shane Sanchez,shane.sanchez@company.com,51,Engineering,118384,2021-07-12
697,Trevor Kelley,trevor.kelley@company.com,26,Product,145316,2021-10-19
698,Robert Goodwin,robert.goodwin@company.com,48,HR,51298,2017-08-16
699,Erin Hoffman,erin.hoffman@company.com,48,Finance,67696,2016-08-03
700,Kelly Smith,kelly.smith@company.com,63,HR,149747,2016-06-30
701,Mary Christian,mary.christian@company.com,64,HR,102675,2022-01-01
702,John Watson,john.watson@company.com,63,Engineering,117066,2018-08-06
703,Rebecca Simmons,rebecca.simmons@company.com,47,Product,78896,2016-11-22
704,Christina Donaldson,christina.donaldson@company.com,26,Sales,94484,2025-08-22
705,Michele Goodwin,michele.goodwin@company.com,55,Sales,87379,2024-04-02
706,James Nicholson,james.nicholson@company.com,62,Engineering,113417,2023-02-24
707,James Jefferson,james.jefferson@company.com,44,Product,63540,2020-01-26
708,Tina Cooper,tina.cooper@company.com,63,HR,104420,2021-02-16
709,Krista Gallagher,krista.gallagher@company.com,30,Finance,127000,2017-12-14
710,Allen Rodriguez,allen.rodriguez@company.com,22,Engineering,105045,2019-09-26
711,Debra Harris,debra.harris@company.com,30,Sales,59414,2021-01-16
712,Lisa Cole,lisa.cole@company.com,56,Marketing,121653,2025-08-28
713,Peggy Wright,peggy.wright@company.com,55,Engineering,80441,2018-06-09
714,Elizabeth Jacobs,elizabeth.jacobs@company.com,62,Sales,122378,2016-11-18
715,Ryan Hopkins,ryan.hopkins@company.com,53,Engineering,67684,2019-04-19
716,Jonathon Rodriguez,jonathon.rodriguez@company.com,60,HR,84274,2019-02-03
717,Angela Hughes,angela.hughes@company.com,58,HR,126688,2019-09-02
718,Melissa Erickson,melissa.erickson@company.com,44,Sales,63095,2017-02-28
719,Aaron Sherman,aaron.sherman@company.com,43,Sales,58551,2022-02-12
720,Luis Wolf,luis.wolf@company.com,34,HR,92919,2017-03-03
721,Kevin Romero,kevin.romero@company.com,36,Marketing,64853,2018-07-24
722,Barbara Smith,barbara.smith@company.com,41,HR,131111,2020-06-10
723,Rodney Miller,rodney.miller@company.com,58,Sales,123144,2016-06-19
724,Valerie Palmer,valerie.palmer@company.com,22,Engineering,80602,2021-03-05
725,Douglas Potter,douglas.potter@company.com,62,HR,95114,2025-01-15
726,Jon Flores,jon.flores@company.com,32,HR,96078,2021-06-19
727,Robin Simmons,robin.simmons@company.com,32,Marketing,75753,2017-03-25
728,John Harvey,john.harvey@company.com,43,Sales,90137,2021-03-18
729,Joseph Young,joseph.young@company.com,36,Marketing,-1000,2021-12-18
730,Benjamin Baker,benjamin.baker@company.com,25,Sales,77692,2018-04-20
731,Melinda Stevens,melinda.stevens@company.com,45,Product,89628,2020-11-02
732,Eric Gentry,eric.gentry@company.com,55,Engineering,139580,2016-03-08
733,Debbie Jennings,debbie.jennings@company.com,51,HR,58578,2023-02-24
734,Lisa Sanchez,lisa.sanchez@company.com,41,Engineering,119539,2026-05-14
735,Jordan Fleming,jordan.fleming@company.com,46,Product,84258,2019-08-13
736,Javier Smith,javier.smith@company.com,33,HR,123137,2022-11-24
737,Omar Berg,omar.berg@company.com,25,Product,127077,2018-08-25
738,Jessica Walton,jessica.walton@company.com,29,Sales,108788,2019-08-31
739,Pamela Cummings,pamela.cummings@company.com,24,Finance,116367,2016-06-29
740,Roberta Davis,roberta.davis@company.com,33,Sales,95282,2024-08-16
741,Heather West,heather.west@company.com,65,Engineering,90753,2022-03-15
742,Aaron Peterson,aaron.peterson@company.com,30,Sales,90908,2025-05-02
743,Mr. Mike Acosta,mr..acosta@company.com,35,Sales,108251,2020-10-19
744,Robert Schmidt,robert.schmidt@company.com,30,Marketing,132120,2018-06-07
745,Troy Roth,troy.roth@company.com,45,Product,50695,2021-04-20
746,Holly Fleming,holly.fleming@company.com,57,Sales,97217,2022-04-23
747,Emily Whitney,emily.whitney@company.com,44,Sales,51113,2017-11-13
748,Samuel Hardy,samuel.hardy@company.com,34,Marketing,60239,2023-05-20
749,Vanessa Hall,vanessa.hall@company.com,42,Finance,54821,2020-12-03
750,Lee Thompson,lee.thompson@company.com,46,Engineering,136535,2019-04-26
751,Carl Love,carl.love@company.com,54,Marketing,135762,2024-05-29
752,Thomas Oconnor,thomas.oconnor@company.com,60,Finance,73184,2021-01-02
753,,brittany.mcpherson@company.com,45,Sales,97300,2023-07-20
754,Lindsay Clark,lindsay.clark@company.com,30,Marketing,129215,2019-03-11
755,Joshua Bailey,joshua.bailey@company.com,62,Engineering,110438,2021-02-23
756,Dale Lane,dale.lane@company.com,56,Product,129224,2019-10-14
757,Alexis Smith,alexis.smith@company.com,61,Marketing,96491,2016-08-08
758,Dawn Willis,dawn.willis@company.com,33,HR,129466,2018-12-19
759,Lisa Hall,lisa.hall@company.com,34,Marketing,89293,2023-05-25
760,Jenna Clay,jenna.clay@company.com,50,Finance,81224,2019-09-11
761,Jacqueline Saunders,jacqueline.saunders@company.com,50,HR,86300,2017-02-20
762,Veronica Bauer,veronica.bauer@company.com,48,Marketing,148071,2022-10-18
763,Glenda Lewis,glenda.lewis@company.com,57,Sales,50049,2025-12-26
764,James Silva,james.silva@company.com,30,Marketing,77351,2020-10-27
765,Tiffany Miller,tiffany.miller@company.com,29,Finance,78226,2021-12-21
766,Robert Summers,robert.summers@company.com,25,Sales,72857,2023-08-24
767,Jason George,jason.george@company.com,28,Sales,96082,2023-09-08
768,Keith Terry,keith.terry@company.com,49,Sales,139024,2020-04-08
769,Mrs. Diana Smith MD,mrs..md@company.com,28,Engineering,56565,2019-04-02
770,Joseph Hill,joseph.hill@company.com,65,Sales,77264,2017-02-09
771,Nancy Ortega,nancy.ortega@company.com,55,Finance,141427,2026-05-01
772,Jason Hodge,jason.hodge@company.com,34,Finance,91840,2023-07-11
773,Tracy Wilkinson,tracy.wilkinson@company.com,22,Finance,-1000,2019-07-23
774,Lisa Davis,lisa.davis@company.com,37,Sales,116162,2025-04-18
775,Laurie Smith,laurie.smith@company.com,46,HR,54296,2018-07-26
776,David Thomas,david.thomas@company.com,32,Finance,115071,2024-04-27
777,Ricky Brown,ricky.brown@company.com,55,Finance,61358,2024-03-06
778,Wesley Pruitt,wesley.pruitt@company.com,57,Engineering,54767,2024-09-19
779,Kim Jones,kim.jones@company.com,48,Marketing,99888,2020-02-12
780,Scott Johnson,scott.johnson@company.com,41,Marketing,117707,2017-10-27
781,Ryan Tate,ryan.tate@company.com,52,Product,124108,2016-09-22
782,Shane Figueroa,shane.figueroa@company.com,28,Finance,134402,2020-10-24
783,Mark Valentine,mark.valentine@company.com,36,Marketing,65482,2019-06-26
784,Edwin Carpenter,edwin.carpenter@company.com,24,Marketing,70531,2022-06-17
785,Ebony Marshall,ebony.marshall@company.com,46,Finance,79049,2026-02-06
786,Kelly Lara,kelly.lara@company.com,44,Sales,54104,2017-04-27
787,Candice Reyes,Candice@missingdomain,26,HR,93422,2021-03-29
788,Laura Shaw,laura.shaw@company.com,-5,Finance,109439,2023-11-16
789,Deanna Wright,deanna.wright@company.com,25,Marketing,88613,2025-12-03
790,Casey Armstrong,casey.armstrong@company.com,64,Marketing,83550,2017-05-24
791,Mary Jennings,mary.jennings@company.com,53,Sales,52109,2023-12-12
792,Justin Rodriguez,justin.rodriguez@company.com,44,Sales,66251,2025-08-07
793,Jennifer Adkins,jennifer.adkins@company.com,40,HR,84211,2024-08-18
794,Carla Jordan,carla.jordan@company.com,26,Product,76994,2025-11-14
795,Anne Miller,anne.miller@company.com,35,Engineering,66482,2023-02-24
796,Joshua Hansen Jr.,joshua.jr.@company.com,35,Engineering,96581,2024-11-19
797,Luis Barajas,luis.barajas@company.com,64,InvalidDept,79998,2016-03-20
798,Shannon Bennett,shannon.bennett@company.com,56,HR,104564,2019-04-24
799,Dr. Kathryn Wilson,dr..wilson@company.com,37,Engineering,73681,2025-11-04
800,Amber Ramirez,amber.ramirez@company.com,32,Finance,103961,2026-01-21
801,Anna Fernandez,anna.fernandez@company.com,25,Product,67287,2017-04-23
802,Tina Turner,tina.turner@company.com,31,Product,68226,2019-11-25
803,Robert Jacobson,robert.jacobson@company.com,32,HR,110109,2025-06-07
804,Adam Taylor,adam.taylor@company.com,59,Engineering,149335,2016-05-06
805,Kenneth Lane,kenneth.lane@company.com,33,Finance,137048,2025-06-20
806,Darlene Gonzalez,darlene.gonzalez@company.com,63,Product,109188,2018-04-13
807,Vanessa Wheeler,vanessa.wheeler@company.com,43,Marketing,137637,2022-05-03
808,Joshua Beck,joshua.beck@company.com,59,Sales,106890,2023-09-27
809,Nicole Lee,nicole.lee@company.com,38,Finance,110574,2022-01-23
810,Christopher Clark,christopher.clark@company.com,33,HR,107010,2023-10-14
811,Michele Evans,michele.evans@company.com,56,Product,132861,2022-03-10
812,Sally Garner,sally.garner@company.com,50,Finance,123118,2019-03-15
813,Barry Davis,barry.davis@company.com,63,Sales,128081,2024-06-22
814,Andrew Ward,andrew.ward@company.com,47,Marketing,115488,2018-10-05
815,John Perry,john.perry@company.com,58,Marketing,51376,2023-10-18
816,Jeffrey Mccullough,jeffrey.mccullough@company.com,28,Sales,65505,2020-08-13
817,Louis Rodriguez,louis.rodriguez@company.com,65,Product,135288,2019-06-14
818,Maureen Robinson,maureen.robinson@company.com,46,Product,76250,2018-06-29
819,Kendra Romero,kendra.romero@company.com,48,HR,139334,2019-09-26
820,Susan Hayes,susan.hayes@company.com,39,Engineering,51508,2025-02-23
821,Donald Diaz,donald.diaz@company.com,65,Sales,106221,2017-11-18
822,Christine Scott,christine.scott@company.com,23,Sales,82440,2016-12-20
823,Gregory Rodriguez,gregory.rodriguez@company.com,57,Sales,120372,2020-08-06
824,John Hunter,john.hunter@company.com,47,Finance,93661,2019-02-06
825,Bruce Sweeney,bruce.sweeney@company.com,53,Sales,51981,2022-06-26
826,James Chapman,james.chapman@company.com,26,Marketing,55558,2017-04-28
827,Joseph Parker,joseph.parker@company.com,40,Engineering,72267,2019-09-17
828,Shannon Alexander,shannon.alexander@company.com,40,Product,83285,2018-05-30
829,Timothy Mcmahon,timothy.mcmahon@company.com,45,Marketing,87507,2024-07-20
830,Morgan Norton,morgan.norton@company.com,49,Finance,67516,2026-01-17
831,Theresa Mitchell,theresa.mitchell@company.com,45,Finance,90774,2022-03-20
832,Carolyn Reed,carolyn.reed@company.com,29,Engineering,133317,2019-10-24
833,Katie Duffy,katie.duffy@company.com,55,Marketing,147670,2017-03-25
834,Donna Jones,donna.jones@company.com,39,Product,90591,2023-11-14
835,Herbert Williams,herbert.williams@company.com,31,Finance,82493,2022-04-28
836,Michael Parker,michael.parker@company.com,30,HR,132702,2017-03-18
837,Kevin Smith,kevin.smith@company.com,58,Engineering,130346,2023-08-15
838,John Gray,john.gray@company.com,34,Engineering,83849,2022-06-23
839,Megan Valenzuela,megan.valenzuela@company.com,31,Finance,128941,2022-12-25
840,Nathan Rodriguez,nathan.rodriguez@company.com,64,Finance,88036,2020-01-03
841,James Newman,james.newman@company.com,27,Sales,79669,2022-12-20
842,,linda.huff@company.com,54,Finance,98097,2018-04-25
843,David Jackson,david.jackson@company.com,36,Marketing,87979,2018-11-23
844,Joshua Hebert,joshua.hebert@company.com,48,Product,52541,2022-06-27
845,Lisa Fields,lisa.fields@company.com,25,Marketing,98923,2020-08-31
846,Kelly Benson,kelly.benson@company.com,52,Sales,63764,2023-06-10
847,Mikayla Martin,mikayla.martin@company.com,58,Engineering,104096,2020-12-11
848,Marilyn Hill,marilyn.hill@company.com,50,Sales,141577,2021-01-21
849,Sarah Mullins,sarah.mullins@company.com,56,Engineering,55623,2017-12-27
850,Brittany Lewis,brittany.lewis@company.com,48,Marketing,122038,2020-09-06
851,Jonathan Phillips,jonathan.phillips@company.com,29,Product,89353,2022-05-05
852,Alejandro Jenkins,alejandro.jenkins@company.com,31,Finance,80890,2025-02-16
853,Karen West,karen.west@company.com,37,Marketing,126077,2017-10-25
854,John Hurst,john.hurst@company.com,47,Sales,132308,2019-10-18
855,Christopher Hughes,christopher.hughes@company.com,54,HR,98851,2019-08-17
856,Jasmine French,jasmine.french@company.com,42,Product,74091,2025-07-18
857,Christina Allen,christina.allen@company.com,43,Marketing,56038,2022-10-17
858,Brittany Schmidt,brittany.schmidt@company.com,36,Engineering,149261,2022-12-23
859,Kayla Soto,kayla.soto@company.com,44,Sales,67952,2016-08-28
860,Emily Gordon,emily.gordon@company.com,22,Sales,127958,2020-12-17
861,Diana Perry,diana.perry@company.com,50,Sales,105599,2022-03-14
862,Richard Anderson,richard.anderson@company.com,22,Marketing,95435,2023-11-01
863,Eric Davis,eric.davis@company.com,60,Finance,115070,2022-01-07
864,David Carrillo,david.carrillo@company.com,45,Engineering,51513,2022-08-15
865,Billy Meyer,billy.meyer@company.com,41,HR,126302,2018-02-04
866,Suzanne Pratt,suzanne.pratt@company.com,47,Sales,63840,2016-11-23
867,Nancy Pham,nancy.pham@company.com,35,HR,71629,2024-05-11
868,Tracey Rivera,tracey.rivera@company.com,43,Finance,83687,2024-01-09
869,Eric Maxwell,eric.maxwell@company.com,29,Engineering,68763,2023-12-23
870,Beth Mayo,beth.mayo@company.com,25,Marketing,130106,2019-12-06
871,Julia Ward,julia.ward@company.com,50,HR,117105,2022-05-25
872,Stephanie Brown,stephanie.brown@company.com,25,Sales,125953,2023-07-10
873,Cody Castillo,cody.castillo@company.com,0,Engineering,118514,2019-03-14
874,Jonathan Walker,jonathan.walker@company.com,39,Sales,119730,2024-11-09
875,Amy Nunez,amy.nunez@company.com,61,Sales,110980,2025-10-24
876,Scott Moore,scott.moore@company.com,32,Marketing,57766,2026-01-10
877,Diane Williams,diane.williams@company.com,50,Finance,108320,2018-04-17
878,Emily Caldwell,emily.caldwell@company.com,22,Engineering,92210,2022-08-14
879,Amanda Schmidt,amanda.schmidt@company.com,32,Sales,54318,2024-02-27
880,Nancy Wells,nancy.wells@company.com,38,Sales,129500,2022-10-03
881,Tyler Harris,tyler.harris@company.com,59,Marketing,102689,2018-07-16
882,Jeremy Gray,jeremy.gray@company.com,59,Product,118243,2024-07-01
883,Angela Ramos,angela.ramos@company.com,39,HR,126720,2017-01-14
884,Linda Powers,linda.powers@company.com,23,Sales,108769,2023-05-05
885,Tammy Sloan,tammy.sloan@company.com,37,Finance,144166,2017-10-21
886,Steve Deleon,steve.deleon@company.com,65,Marketing,137484,2024-04-18
887,Troy Sanchez,troy.sanchez@company.com,56,Marketing,135229,2020-12-09
888,Makayla Crawford MD,makayla.md@company.com,64,Marketing,88770,2017-07-12
889,Reginald Parrish,reginald.parrish@company.com,50,Engineering,134822,2024-01-01
890,Casey King,casey.king@company.com,62,Finance,135991,2018-10-06
891,James Kelly,james.kelly@company.com,62,Finance,148203,2017-05-14
892,Matthew Simpson,matthew.simpson@company.com,38,Marketing,140161,2020-09-02
893,Brett James,brett.james@company.com,27,Marketing,123205,2017-05-12
894,Susan Taylor,susan.taylor@company.com,26,HR,72271,2017-05-28
895,Michelle Herrera,michelle.herrera@company.com,55,Engineering,100129,2021-05-25
896,Lauren Cole,lauren.cole@company.com,54,Finance,82906,2018-02-05
897,David Miller,david.miller@company.com,28,Engineering,93404,2022-09-09
898,Jonathan Kelly,jonathan.kelly@company.com,42,Product,105825,2025-07-08
899,Virginia Hamilton,virginia.hamilton@company.com,47,Finance,81956,2024-03-03
900,Tyler Goodman,tyler.goodman@company.com,35,Sales,139073,2020-07-29
901,Shawna Sims,shawna.sims@company.com,24,Marketing,78584,2025-06-30
902,Jose Humphrey,jose.humphrey@company.com,22,Finance,100538,2020-10-18
903,Pam Martin,pam.martin@company.com,52,Product,66012,2021-04-20
904,Robert Davis,robert.davis@company.com,50,Sales,75229,2023-10-15
905,Christopher Campbell,christopher.campbell@company.com,35,Product,140523,2018-03-20
906,Patricia Carpenter,patricia.carpenter@company.com,32,HR,65988,2021-11-09
907,Andrew Peterson,andrew.peterson@company.com,46,Engineering,89053,2023-03-28
908,Tonya Cordova,tonya.cordova@company.com,22,Product,79460,2023-07-07
909,Denise Shea,denise.shea@company.com,24,Marketing,130098,2022-02-18
910,April Martinez,april.martinez@company.com,22,Sales,57429,2024-12-07
911,Lauren Young,lauren.young@company.com,44,HR,61309,2022-12-15
912,Justin Koch,justin.koch@company.com,38,Engineering,93769,2025-07-20
913,Daniel Prince,daniel.prince@company.com,49,Product,78457,2016-09-08
914,Glenda Higgins,glenda.higgins@company.com,51,Product,94114,2025-01-27
915,Valerie Whitaker,valerie.whitaker@company.com,29,Marketing,50922,2021-08-12
916,Katherine Freeman,katherine.freeman@company.com,45,Product,101082,2016-08-02
917,Linda Shaw,linda.shaw@company.com,55,Engineering,101855,2019-09-11
918,Curtis Chung,curtis.chung@company.com,40,Marketing,109939,2023-10-18
919,Paul Long,paul.long@company.com,59,Sales,98638,2020-10-03
920,Daniel Lucas,daniel.lucas@company.com,48,Engineering,120665,2018-01-10
921,Sheila Decker,sheila.decker@company.com,27,Marketing,54738,2025-02-24
922,Madison Edwards,madison.edwards@company.com,22,Engineering,93014,2021-09-28
923,Bryan Jackson,bryan.jackson@company.com,26,Product,113410,2020-07-29
924,Paul Mclaughlin,paul.mclaughlin@company.com,40,Finance,76677,2019-11-24
925,Claudia Mcdonald,claudia.mcdonald@company.com,39,Marketing,114369,2024-02-03
926,Connor Wright,connor.wright@company.com,31,Marketing,147746,2017-10-17
927,Alexander Sullivan,alexander.sullivan@company.com,39,Finance,95974,2016-04-04
928,Marcus Stewart,marcus.stewart@company.com,25,Marketing,107046,2020-09-12
929,Bethany Smith,bethany.smith@company.com,53,Sales,121036,2023-06-07
930,Jacob Brown,jacob.brown@company.com,35,Marketing,96943,2023-01-01
931,Carlos Harris II,carlos.ii@company.com,46,HR,81998,2017-03-21
932,Jacob Garrett,jacob.garrett@company.com,44,Finance,126298,2016-04-24
933,George Black,george.black@company.com,65,Marketing,116191,2024-06-17
934,Sarah Rose,sarah.rose@company.com,34,Marketing,52959,2024-09-08
935,Michael Garcia,michael.garcia@company.com,43,Marketing,121520,2022-02-27
936,Brandon Vega,brandon.vega@company.com,30,Sales,140343,2017-09-27
937,Alicia Stuart,alicia.stuart@company.com,37,Product,138662,2016-10-04
938,Victoria Villegas,Victoria@missingdomain,57,Finance,102027,2016-10-06
939,John Richard,john.richard@company.com,42,Engineering,114722,2019-01-05
940,Melissa Lee,melissa.lee@company.com,28,Finance,145289,2023-10-02
941,George Brown,george.brown@company.com,56,Engineering,80643,2026-02-06
942,Carl Buchanan,carl.buchanan@company.com,62,Engineering,86720,2019-06-15
943,Jorge Mendoza,jorge.mendoza@company.com,59,Sales,106992,2018-08-20
944,Joan Gill,joan.gill@company.com,62,Product,69913,2019-11-03
945,Valerie Gutierrez,valerie.gutierrez@company.com,38,Finance,109347,2016-05-31
946,Kevin Barron,kevin.barron@company.com,62,Product,104351,2019-12-18
947,Angela Cross,angela.cross@company.com,32,HR,131983,2025-09-05
948,William Floyd,william.floyd@company.com,33,Finance,90278,2019-04-19
949,Ryan Wells,ryan.wells@company.com,52,Finance,58429,2022-12-24
950,Angelica Clayton,angelica.clayton@company.com,26,Product,103215,2022-11-12
951,Samantha Hale,samantha.hale@company.com,52,Finance,94193,2024-04-04
952,Elizabeth Estrada,elizabeth.estrada@company.com,45,Engineering,62104,2019-06-13
953,Tina George,tina.george@company.com,44,Sales,113266,2016-05-01
954,Deborah Spence,deborah.spence@company.com,40,Marketing,132593,2018-08-25
955,Rachel Cox,rachel.cox@company.com,38,Finance,101262,2025-06-09
956,Brooke Sanchez,brooke.sanchez@company.com,56,Sales,100641,2024-08-12
957,Sean Spencer,sean.spencer@company.com,39,Marketing,96163,2024-11-16
958,Joshua Velez,joshua.velez@company.com,52,Product,77678,2018-11-12
959,Joseph Peterson,joseph.peterson@company.com,29,Marketing,93386,2023-01-25
960,William Fisher,william.fisher@company.com,52,Marketing,130273,2018-12-14
961,Tammy Perez,tammy.perez@company.com,40,Engineering,86300,2017-02-28
962,Sara Short,sara.short@company.com,57,Engineering,73925,2022-03-07
963,Jamie Robinson,jamie.robinson@company.com,59,Engineering,0,2019-02-22
964,Cynthia Anderson,cynthia.anderson@company.com,65,Product,141172,2016-04-05
965,Nicole Cummings,nicole.cummings@company.com,53,Product,109116,2023-03-06
966,Derrick Yang,derrick.yang@company.com,65,Finance,121516,2021-08-28
967,Toni Walters,toni.walters@company.com,63,HR,122963,2017-01-18
968,Stephen Anderson,stephen.anderson@company.com,41,Engineering,85141,2021-11-24
969,Todd Becker,todd.becker@company.com,59,Product,99107,2018-09-01
970,Dr. Brandon Khan,dr..khan@company.com,24,Marketing,66624,2022-03-18
971,Melissa Thomas,melissa.thomas@company.com,32,Marketing,138641,2017-03-16
972,Jason Ford,jason.ford@company.com,65,Product,129171,2022-12-18
973,Adam Brown,adam.brown@company.com,53,Product,111897,2017-06-02
974,Carmen Williams,carmen.williams@company.com,22,Finance,50364,2020-07-06
975,Lawrence Mcgee,lawrence.mcgee@company.com,27,Engineering,142079,2020-06-14
976,John Williams,john.williams@company.com,60,Sales,76054,2025-10-21
977,Michelle Cannon,michelle.cannon@company.com,55,HR,130996,2025-06-02
978,Caleb Shelton,caleb.shelton@company.com,46,Sales,115505,2016-06-13
979,Melissa Waller,melissa.waller@company.com,61,Product,95553,2022-11-28
980,Samantha Lin,samantha.lin@company.com,24,Product,71754,2021-04-30
981,Michele Lawson,michele.lawson@company.com,59,Engineering,148357,2016-05-01
982,Bernard Mosley,bernard.mosley@company.com,58,HR,51618,2020-08-16
983,Shane Smith,shane.smith@company.com,54,Finance,97253,2016-04-24
984,Amanda Gray,amanda.gray@company.com,56,Marketing,51476,2024-09-25
985,Christian Garcia,christian.garcia@company.com,28,Sales,76078,2019-08-22
986,Miguel Tran,miguel.tran@company.com,65,Engineering,118696,2019-12-12
987,Tanya Grant,tanya.grant@company.com,47,HR,51196,2021-04-27
988,Mrs. Kelly Chan DDS,mrs..dds@company.com,40,Marketing,106077,2020-12-15
989,Ashley Frank,ashley.frank@company.com,51,Engineering,110416,2019-04-19
990,Jordan Brock,jordan.brock@company.com,25,Sales,118570,2020-08-11
991,Joseph Blake,joseph.blake@company.com,46,Marketing,51942,2019-08-15
992,Kelly Roman,kelly.roman@company.com,36,Finance,63751,2023-08-01
993,Wesley Jones,wesley.jones@company.com,51,Sales,53038,2022-06-14
994,Jordan Hicks,jordan.hicks@company.com,47,Sales,132029,2017-06-20
995,Grace Diaz,grace.diaz@company.com,50,Finance,73831,2023-06-02
996,Stacey Brown,stacey.brown@company.com,62,Marketing,124066,2018-11-02
997,Terri Wilson,terri.wilson@company.com,37,Engineering,88463,2018-09-09
998,Juan Thompson,juan.thompson@company.com,60,Sales,116411,2021-02-03
999,Donna Hayes,donna.hayes@company.com,36,Product,89694,2021-04-05
1000,Ms. Whitney Gutierrez DDS,ms..dds@company.com,63,Sales,71302,2017-03-19
